,m10,m20
0,GCCGGCGGCG,TAAGGCGTTCACGCCGCATC
1,CGCCGCCGGC,GATAAGGCGTTCACGCCGCA
2,CGCCGGCGGC,ATAAGGCGTTCACGCCGCAT
3,GCCGGCGCCG,AGGCGTTCACGCCGCATCCG
4,GCCGCCGGCG,AAGGCGTTCACGCCGCATCC
5,CGGCGCCGGC,GGATAAGGCGTTCACGCCGC
6,CGCCGCCGCC,CGGATAAGGCGTTCACGCCG
7,GCCGCCGCCG,GGCGTTCACGCCGCATCCGG
8,CGCCGAGCAG,GCGTTCACGCCGCATCCGGC
9,GCCGAGCAGG,CGTTCACGCCGCATCCGGCA
10,GGCGCTGGCC,TAAGGCGTTTACGCCGCATC
11,CGGCGGCGGC,GATAAGGCGTTTACGCCGCA
12,CAGGCCGGCG,ATAAGGCGTTTACGCCGCAT
13,CCTGCTCGGC,TGTAGGCCGGATAAGGCGTT
14,GGCGCCGGCG,GGATAAGGCGTTTACGCCGC
15,CGCCGGCGCC,CGGATGCGGCGTGAACGCCT
16,GGCGGCGGCG,GGATGCGGCGTGAACGCCTT
17,GGCCAGCGCC,GATGCGGCGTGAACGCCTTA
18,CGGCCTGCTG,ATGCGGCGTGAACGCCTTAT
19,GGCGCTGGCG,CGGATAAGGCGTTTACGCCG
20,CAGCAGCAGG,AAGGCGTTTACGCCGCATCC
21,CAGCAGGCCG,AGGCGTTTACGCCGCATCCG
22,GCGCTGGCCG,AACGCCTTATCCGGCCTACA
23,GCTGGCGCTG,CGCGTCTTATCAGGCCTACA
24,CTGGCGCTGG,CCGGATGCGGCGTGAACGCC
25,CCAGCGCCTG,TGCGGCGTGAACGCCTTATC
26,GCTGGCGGCG,GCCGGATGCGGCGTGAACGC
27,CAGCGCCAGG,GCGGCGTGAACGCCTTATCC
28,CTGCTCGGCG,GTAGGCCGGATAAGGCGTTT
29,CAGCGCCTGG,GCCGGATAAGGCGTTTACGC
30,CGCCAGCGGC,CCGGATAAGGCGTTTACGCC
31,CCTGGCGCTG,GCGTTTACGCCGCATCCGGC
32,CCTGCTGCTG,CGGCGTGAACGCCTTATCCG
33,CGGCGCGCTG,CTGATGCGCTACGCTTATCA
34,GCCGCTGGCG,TGATGCGCTACGCTTATCAG
35,CGGCGGCGCC,GATGCGCTACGCTTATCAGG
36,CGCCGGCCTG,GCCGGATAAGGCGTTCACGC
37,CAGCGCGGCG,CCGGATAAGGCGTTCACGCC
38,CGGCCAGGGC,TAGGCCGGATAAGGCGTTTA
39,CGCCGGCCAG,AGGCCGGATAAGGCGTTTAC
40,CGCCAGCGCC,GGCCGGATAAGGCGTTTACG
41,CGGCGCGGCG,GGCGTTTACGCCGCATCCGG
42,CGCCGCGCTG,CGTTTACGCCGCATCCGGCA
43,CAGGCGCTGG,GGTTTATCCCCGCTGGCGCG
44,CCAGGCGCTG,GTTTATCCCCGCTGGCGCGG
45,CGGCGGCCTG,TTTATCCCCGCTGGCGCGGG
46,CAGCGCCAGC,TTATCCCCGCTGGCGCGGGG
47,CGCCGCCAGC,TATCCCCGCTGGCGCGGGGA
48,CCAGCGCCAG,ATCCCCGCTGGCGCGGGGAA
49,CCTGCGCCTG,TCCCCGCTGGCGCGGGGAAC
50,CAGGCCGCCG,GCCTGATGCGCTACGCTTAT
51,CTGGCCGCCG,CCTGATGCGCTACGCTTATC
52,CGCCGCGCCG,GGCCGGATAAGGCGTTCACG
53,CGCCAGGCGC,TGCCGGATGCGGCGTGAACG
54,GCCGGCCAGG,ACGCCTTATCCGGCCTACAA
55,GGCGCCGCCG,ATGCGCTACGCTTATCAGGC
56,GGCCAGGCCG,TGCGCTACGCTTATCAGGCC
57,CGGCCAGCGC,GCGCTACGCTTATCAGGCCT
58,CCTGGCCGGC,CGCTACGCTTATCAGGCCTA
59,CAGCGCCGCC,GCTACGCTTATCAGGCCTAC
60,CGGCGGCCAG,TTGTAGGCCGGATAAGGCGT
61,CGGCCTGGCC,GTAGGCCGGATAAGGCGTTC
62,CGCCGCCGAG,AGGCCGGATAAGGCGTTCAC
63,CGGCGAGCAG,GTGAACGCCTTATCCGGCCT
64,GCGCCTGCTG,TGAACGCCTTATCCGGCCTA
65,GCCCTGGCCG,GAACGCCTTATCCGGCCTAC
66,GCGCCAGGCG,GCGTCTTATCAGGCCTACAA
67,CTGGCCGGCG,CGGTTTATCCCCGCTGGCGC
68,GGCGGCGCCG,GATGCGACGCTGGCGCGTCT
69,GCGCCGGCGC,ATGCGACGCTGGCGCGTCTT
70,CTGCTGCTGG,TGCGACGCTGGCGCGTCTTA
71,CGGCGGCGCG,GCGACGCTGGCGCGTCTTAT
72,CAGGCGCTCG,CGACGCTGGCGCGTCTTATC
73,CCAGGCCGGC,TGCCTGATGCGCTACGCTTA
74,GGCCAGGGCG,TAGGCCGGATAAGGCGTTCA
75,GGCCTGGCGC,GCGTGAACGCCTTATCCGGC
76,CCAGCAGCAG,CGCCTTATCCGGCCTACAAA
77,GCGCTGGCGC,GGCGTGAACGCCTTATCCGG
78,GGCCAGGCGC,CGTGAACGCCTTATCCGGCC
79,CTCGGCGGCG,TTTGTAGGCCGGATAAGGCG
80,CAGGCCGAGG,CGTAGGCCGGATAAGGCGTT
81,CAGGCGCAGG,CGGATGCGGCGTAAACGCCT
82,GCCGGCCAGC,GGATGCGGCGTAAACGCCTT
83,CGGCGCCGCC,GATGCGGCGTAAACGCCTTA
84,GGCCGCCGGC,ATGCGGCGTAAACGCCTTAT
85,CCGGCGGCGA,TGCGGCGTAAACGCCTTATC
86,CGCCTGGCCG,GCGGCGTAAACGCCTTATCC
87,CCTCGGCGGC,AGGCCTGATAAGCGTAGCGC
88,GCGCCTGGCG,GGCCTGATAAGCGTAGCGCA
89,CGCGCCGCCG,GCCTGATAAGCGTAGCGCAT
90,GCGCTCGGCG,CCTGATAAGCGTAGCGCATC
91,CAGCGCGCCG,CTGATAAGCGTAGCGCATCA
92,CGGCCTGGCG,TGATAAGCGTAGCGCATCAG
93,GCCGAGGCCG,GATAAGCGTAGCGCATCAGG
94,GCCGGCGGCC,GTTCACGCCGCATCCGGCAT
95,GCCGGCGCGC,GTAGGCCTGATAAGCGTAGC
96,GGCCGGCGCC,TAGGCCTGATAAGCGTAGCG
97,CGGCGCTGGC,ATAAGCGTAGCGCATCAGGC
98,CCAGGCGCAG,CGGCGTAAACGCCTTATCCG
99,CCGGCGGCGC,GCCGGATGCGGCGTAAACGC
100,CAGCAGGCGC,CGCGTCTTATCATGCCTACA
